{"cameraMode":{"drawMode":0,"name":"Shaded","section":"Shading Mode"},"sceneLighting":false,"audioPlay":false,"sceneViewState":{"showFog":true,"showMaterialUpdate":false,"showSkybox":true,"showFlares":true,"showImageEffects":true,"showParticleSystems":true},"in2DMode":false,"pivot":{"x":26.676271438598634,"y":36.106292724609378,"z":24.184648513793947},"rotation":{"x":0.4172249436378479,"y":0.28114768862724306,"z":-0.13748198747634889,"w":0.8532163500785828},"size":22.0,"orthographic":false}