{"cameraMode":{"drawMode":0,"name":"Shaded","section":"Shading Mode"},"sceneLighting":false,"audioPlay":false,"sceneViewState":{"showFog":true,"showMaterialUpdate":false,"showSkybox":true,"showFlares":true,"showImageEffects":true,"showParticleSystems":true},"in2DMode":false,"pivot":{"x":-0.051631860435009,"y":0.4335280656814575,"z":-0.6936459541320801},"rotation":{"x":0.1940513253211975,"y":0.015018744394183159,"z":-0.0029712007381021978,"w":0.9808719158172607},"size":2.32175612449646,"orthographic":false}