{"cameraMode":{"drawMode":0,"name":"Shaded","section":"Shading Mode"},"sceneLighting":false,"audioPlay":false,"sceneViewState":{"showFog":true,"showMaterialUpdate":false,"showSkybox":true,"showFlares":true,"showImageEffects":true,"showParticleSystems":true},"in2DMode":false,"pivot":{"x":-0.3616575300693512,"y":2.626279830932617,"z":-2.8575451374053957},"rotation":{"x":0.2595975995063782,"y":0.03795087710022926,"z":-0.01021011732518673,"w":0.9649169445037842},"size":2.424994945526123,"orthographic":false}