{"cameraMode":{"drawMode":0,"name":"Shaded","section":"Shading Mode"},"sceneLighting":false,"audioPlay":false,"sceneViewState":{"showFog":true,"showMaterialUpdate":false,"showSkybox":true,"showFlares":true,"showImageEffects":true,"showParticleSystems":true},"in2DMode":false,"pivot":{"x":63.035152435302737,"y":0.7338676452636719,"z":30.52672576904297},"rotation":{"x":0.4172249436378479,"y":0.28114768862724306,"z":-0.13748198747634889,"w":0.8532163500785828},"size":22.0,"orthographic":false}