{"cameraMode":{"drawMode":0,"name":"Shaded","section":"Shading Mode"},"sceneLighting":false,"audioPlay":false,"sceneViewState":{"showFog":true,"showMaterialUpdate":false,"showSkybox":true,"showFlares":true,"showImageEffects":true,"showParticleSystems":true},"in2DMode":false,"pivot":{"x":-0.10372652113437653,"y":-0.019173264503479005,"z":-0.0709831714630127},"rotation":{"x":0.48285889625549319,"y":0.07235821336507797,"z":-0.04007740691304207,"w":0.8717828989028931},"size":2.3566715717315676,"orthographic":false}